Alice,Perez,aperez0@eventbrite.com,http://www.placeimg.com/150/150/people/6
Edward,Mason,emason1@typepad.com,http://www.placeimg.com/150/150/people/7
Jonathan,Montgomery,jmontgomery2@uiuc.edu,http://www.placeimg.com/150/150/people/8
Lois,Cook,lcook3@pcworld.com,http://www.placeimg.com/150/150/people/8
Andrew,Ruiz,aruiz4@amazon.co.jp,http://www.placeimg.com/150/150/people/9
Anthony,Watkins,awatkins5@wikipedia.org,http://www.placeimg.com/150/150/people/10
Lori,Lynch,llynch6@macromedia.com,http://www.placeimg.com/150/150/people/11
Benjamin,Nguyen,bnguyen7@wikispaces.com,http://www.placeimg.com/150/150/people/12
Chris,Watson,cwatson8@whitehouse.gov,http://www.placeimg.com/150/150/people/13
Peter,Hamilton,phamilton9@ucoz.com,http://www.placeimg.com/150/150/people/14
Mary,Baker,mbakera@yellowpages.com,http://www.placeimg.com/150/150/people/15
Phillip,Duncan,pduncanb@npr.org,http://www.placeimg.com/150/150/people/16
Lois,Adams,ladamsc@columbia.edu,http://www.placeimg.com/150/150/people/17
Sandra,Howell,showelld@topsy.com,http://www.placeimg.com/150/150/people/18
Lois,Montgomery,lmontgomerye@usgs.gov,http://www.placeimg.com/150/150/people/19
Joan,Murray,jmurrayf@yolasite.com,http://www.placeimg.com/150/150/people/20
Benjamin,Little,blittleg@gov.uk,http://www.placeimg.com/150/150/people/21
Eugene,Hansen,ehansenh@apache.org,http://www.placeimg.com/150/150/people/22
Joyce,Schmidt,jschmidti@woothemes.com,http://www.placeimg.com/150/150/people/23
Jeffrey,Fox,jfoxj@walmart.com,http://www.placeimg.com/150/150/people/24
Kenneth,Thomas,kthomask@yahoo.co.jp,http://www.placeimg.com/150/150/people/25
Randy,Garrett,rgarrettl@google.com,http://www.placeimg.com/150/150/people/26
Laura,Jenkins,ljenkinsm@fotki.com,http://www.placeimg.com/150/150/people/27
Jessica,Kelley,jkelleyn@disqus.com,http://www.placeimg.com/150/150/people/28
Christopher,Hart,charto@google.ca,http://www.placeimg.com/150/150/people/29
Jerry,Gibson,jgibsonp@europa.eu,http://www.placeimg.com/150/150/people/30
Steven,Cole,scoleq@howstuffworks.com,http://www.placeimg.com/150/150/people/31
William,Hamilton,whamiltonr@nyu.edu,http://www.placeimg.com/150/150/people/32
Kathleen,Freeman,kfreemans@opensource.org,http://www.placeimg.com/150/150/people/33
Helen,Morgan,hmorgant@cnbc.com,http://www.placeimg.com/150/150/people/34
